PassengerId,Survived,Pclass,Sex,Age,SibSp,Parch,Fare,Embarked,Child,Young,Young_m,Young_f,Cabin_known,Age_known,Family,Alone,LargeFamily,Deck,Bad_ticket,Fare_cat
1,0,3,1,22.0,1,0,7.25,2,0,1,1,0,0,1,1,0,0,8,1,0
2,1,1,0,38.0,1,0,71.2833,0,0,1,0,1,1,1,1,0,0,2,0,1
3,1,3,0,26.0,0,0,7.925,2,0,1,0,1,0,1,0,1,0,8,0,0
4,1,1,0,35.0,1,0,53.1,2,0,1,0,1,1,1,1,0,0,2,0,1
5,0,3,1,35.0,0,0,8.05,2,0,1,1,0,0,1,0,1,0,8,1,0
6,0,3,1,,0,0,8.4583,1,0,0,0,0,0,0,0,1,0,8,1,0
7,0,1,1,54.0,0,0,51.8625,2,0,0,0,0,1,1,0,1,0,4,0,1
8,0,3,1,2.0,3,1,21.075,2,1,0,0,0,0,1,4,0,1,8,1,1
9,1,3,0,27.0,0,2,11.1333,2,0,1,0,1,0,1,2,0,0,8,1,1
10,1,2,0,14.0,1,0,30.0708,0,0,0,0,0,0,1,1,0,0,8,0,1
11,1,3,0,4.0,1,1,16.7,2,1,0,0,0,1,1,2,0,0,6,0,1
12,1,1,0,58.0,0,0,26.55,2,0,0,0,0,1,1,0,1,0,2,0,1
13,0,3,1,20.0,0,0,8.05,2,0,1,1,0,0,1,0,1,0,8,1,0
14,0,3,1,39.0,1,5,31.275,2,0,1,1,0,0,1,6,0,1,8,1,1
15,0,3,0,14.0,0,0,7.8542,2,0,0,0,0,0,1,0,1,0,8,1,0
16,1,2,0,55.0,0,0,16.0,2,0,0,0,0,0,1,0,1,0,8,0,1
17,0,3,1,2.0,4,1,29.125,1,1,0,0,0,0,1,5,0,1,8,1,1
18,1,2,1,,0,0,13.0,2,0,0,0,0,0,0,0,1,0,8,0,1
19,0,3,0,31.0,1,0,18.0,2,0,1,0,1,0,1,1,0,0,8,1,1
20,1,3,0,33.515151515151516,0,0,7.225,0,0,1,0,1,0,0,0,1,0,8,0,0
21,0,2,1,35.0,0,0,26.0,2,0,1,1,0,0,1,0,1,0,8,0,1
22,1,2,1,34.0,0,0,13.0,2,0,1,1,0,1,1,0,1,0,3,0,1
23,1,3,0,15.0,0,0,8.0292,1,0,0,0,0,0,1,0,1,0,8,1,0
24,1,1,1,28.0,0,0,35.5,2,0,1,1,0,1,1,0,1,0,0,0,1
25,0,3,0,8.0,3,1,21.075,2,1,0,0,0,0,1,4,0,1,8,1,1
26,1,3,0,38.0,1,5,31.3875,2,0,1,0,1,0,1,6,0,1,8,1,1
27,0,3,1,,0,0,7.225,0,0,0,0,0,0,0,0,1,0,8,0,0
28,0,1,1,19.0,3,2,263.0,2,0,1,1,0,1,1,5,0,1,2,0,2
29,1,3,0,16.1231884057971,0,0,7.8792,1,1,0,0,0,0,0,0,1,0,8,1,0
30,0,3,1,,0,0,7.8958,2,0,0,0,0,0,0,0,1,0,8,1,0
31,0,1,1,40.0,0,0,27.7208,0,0,1,1,0,0,1,0,1,0,8,0,1
32,1,1,0,40.88235294117647,1,0,146.5208,0,0,0,0,0,1,0,1,0,0,1,0,2
33,1,3,0,16.1231884057971,0,0,7.75,1,1,0,0,0,0,0,0,1,0,8,1,0
34,0,2,1,66.0,0,0,10.5,2,0,0,0,0,0,1,0,1,0,8,0,1
35,0,1,1,28.0,1,0,82.1708,0,0,1,1,0,0,1,1,0,0,8,0,1
36,0,1,1,42.0,1,0,52.0,2,0,0,0,0,0,1,1,0,0,8,0,1
37,1,3,1,,0,0,7.2292,0,0,0,0,0,0,0,0,1,0,8,0,0
38,0,3,1,21.0,0,0,8.05,2,0,1,1,0,0,1,0,1,0,8,1,0
39,0,3,0,18.0,2,0,18.0,2,0,1,0,1,0,1,2,0,0,8,1,1
40,1,3,0,14.0,1,0,11.2417,0,0,0,0,0,0,1,1,0,0,8,0,1
41,0,3,0,40.0,1,0,9.475,2,0,1,0,1,0,1,1,0,0,8,1,1
42,0,2,0,27.0,1,0,21.0,2,0,1,0,1,0,1,1,0,0,8,0,1
43,0,3,1,,0,0,7.8958,0,0,0,0,0,0,0,0,1,0,8,1,0
44,1,2,0,3.0,1,2,41.5792,0,1,0,0,0,0,1,3,0,0,8,0,1
45,1,3,0,19.0,0,0,7.8792,1,0,1,0,1,0,1,0,1,0,8,1,0
46,0,3,1,,0,0,8.05,2,0,0,0,0,0,0,0,1,0,8,0,0
47,0,3,1,,1,0,15.5,1,0,0,0,0,0,0,1,0,0,8,1,1
48,1,3,0,16.1231884057971,0,0,7.75,1,1,0,0,0,0,0,0,1,0,8,0,0
49,0,3,1,,2,0,21.6792,0,0,0,0,0,0,0,2,0,0,8,0,1
50,0,3,0,18.0,1,0,17.8,2,0,1,0,1,0,1,1,0,0,8,1,1
51,0,3,1,7.0,4,1,39.6875,2,1,0,0,0,0,1,5,0,1,8,1,1
52,0,3,1,21.0,0,0,7.8,2,0,1,1,0,0,1,0,1,0,8,1,0
53,1,1,0,49.0,1,0,76.7292,0,0,0,0,0,1,1,1,0,0,3,0,1
54,1,2,0,29.0,1,0,26.0,2,0,1,0,1,0,1,1,0,0,8,0,1
55,0,1,1,65.0,0,1,61.9792,0,0,0,0,0,1,1,1,0,0,1,0,1
56,1,1,1,,0,0,35.5,2,0,0,0,0,1,0,0,1,0,2,0,1
57,1,2,0,21.0,0,0,10.5,2,0,1,0,1,0,1,0,1,0,8,0,1
58,0,3,1,28.5,0,0,7.2292,0,0,1,1,0,0,1,0,1,0,8,0,0
59,1,2,0,5.0,1,2,27.75,2,1,0,0,0,0,1,3,0,0,8,0,1
60,0,3,1,11.0,5,2,46.9,2,0,0,0,0,0,1,7,0,1,8,0,1
61,0,3,1,22.0,0,0,7.2292,0,0,1,1,0,0,1,0,1,0,8,0,0
62,1,1,0,38.0,0,0,80.0,0,0,1,0,1,1,1,0,1,0,1,0,1
63,0,1,1,45.0,1,0,83.475,2,0,0,0,0,1,1,1,0,0,2,1,1
64,0,3,1,4.0,3,2,27.9,2,1,0,0,0,0,1,5,0,1,8,1,1
65,0,1,1,,0,0,27.7208,0,0,0,0,0,0,0,0,1,0,8,0,1
66,1,3,1,27.704778156996586,1,1,15.2458,0,1,0,0,0,0,0,2,0,0,8,0,1
67,1,2,0,29.0,0,0,10.5,2,0,1,0,1,1,1,0,1,0,5,0,1
68,0,3,1,19.0,0,0,8.1583,2,0,1,1,0,0,1,0,1,0,8,0,0
69,1,3,0,17.0,4,2,7.925,2,0,0,0,0,0,1,6,0,1,8,1,0
70,0,3,1,26.0,2,0,8.6625,2,0,1,1,0,0,1,2,0,0,8,1,0
71,0,2,1,32.0,0,0,10.5,2,0,1,1,0,0,1,0,1,0,8,0,1
72,0,3,0,16.0,5,2,46.9,2,0,0,0,0,0,1,7,0,1,8,0,1
73,0,2,1,21.0,0,0,73.5,2,0,1,1,0,0,1,0,1,0,8,0,1
74,0,3,1,26.0,1,0,14.4542,0,0,1,1,0,0,1,1,0,0,8,0,1
75,1,3,1,32.0,0,0,56.4958,2,0,1,1,0,0,1,0,1,0,8,0,1
76,0,3,1,25.0,0,0,7.65,2,0,1,1,0,1,1,0,1,0,5,1,0
77,0,3,1,,0,0,7.8958,2,0,0,0,0,0,0,0,1,0,8,1,0
78,0,3,1,,0,0,8.05,2,0,0,0,0,0,0,0,1,0,8,1,0
79,1,2,1,0.83,0,2,29.0,2,1,0,0,0,0,1,2,0,0,8,0,1
80,1,3,0,30.0,0,0,12.475,2,0,1,0,1,0,1,0,1,0,8,1,1
81,0,3,1,22.0,0,0,9.0,2,0,1,1,0,0,1,0,1,0,8,1,1
82,1,3,1,29.0,0,0,9.5,2,0,1,1,0,0,1,0,1,0,8,1,1
83,1,3,0,16.1231884057971,0,0,7.7875,1,1,0,0,0,0,0,0,1,0,8,1,0
84,0,1,1,28.0,0,0,47.1,2,0,1,1,0,0,1,0,1,0,8,0,1
85,1,2,0,17.0,0,0,10.5,2,0,0,0,0,0,1,0,1,0,8,0,1
86,1,3,0,33.0,3,0,15.85,2,0,1,0,1,0,1,3,0,1,8,1,1
87,0,3,1,16.0,1,3,34.375,2,0,0,0,0,0,1,4,0,0,8,1,1
88,0,3,1,,0,0,8.05,2,0,0,0,0,0,0,0,1,0,8,0,0
89,1,1,0,23.0,3,2,263.0,2,0,1,0,1,1,1,5,0,1,2,0,2
90,0,3,1,24.0,0,0,8.05,2,0,1,1,0,0,1,0,1,0,8,1,0
91,0,3,1,29.0,0,0,8.05,2,0,1,1,0,0,1,0,1,0,8,1,0
92,0,3,1,20.0,0,0,7.8542,2,0,1,1,0,0,1,0,1,0,8,1,0
93,0,1,1,46.0,1,0,61.175,2,0,0,0,0,1,1,1,0,0,4,1,1
94,0,3,1,26.0,1,2,20.575,2,0,1,1,0,0,1,3,0,0,8,0,1
95,0,3,1,59.0,0,0,7.25,2,0,0,0,0,0,1,0,1,0,8,1,0
96,0,3,1,,0,0,8.05,2,0,0,0,0,0,0,0,1,0,8,1,0
97,0,1,1,71.0,0,0,34.6542,0,0,0,0,0,1,1,0,1,0,0,0,1
98,1,1,1,23.0,0,1,63.3583,0,0,1,1,0,1,1,1,0,0,3,0,1
99,1,2,0,34.0,0,1,23.0,2,0,1,0,1,0,1,1,0,0,8,0,1
100,0,2,1,34.0,1,0,26.0,2,0,1,1,0,0,1,1,0,0,8,0,1
101,0,3,0,28.0,0,0,7.8958,2,0,1,0,1,0,1,0,1,0,8,1,0
102,0,3,1,,0,0,7.8958,2,0,0,0,0,0,0,0,1,0,8,1,0
103,0,1,1,21.0,0,1,77.2875,2,0,1,1,0,1,1,1,0,0,3,1,1
104,0,3,1,33.0,0,0,8.6542,2,0,1,1,0,0,1,0,1,0,8,1,0
105,0,3,1,37.0,2,0,7.925,2,0,1,1,0,0,1,2,0,0,8,1,0
106,0,3,1,28.0,0,0,7.8958,2,0,1,1,0,0,1,0,1,0,8,1,0
107,1,3,0,21.0,0,0,7.65,2,0,1,0,1,0,1,0,1,0,8,1,0
108,1,3,1,,0,0,7.775,2,0,0,0,0,0,0,0,1,0,8,1,0
109,0,3,1,38.0,0,0,7.8958,2,0,1,1,0,0,1,0,1,0,8,1,0
110,1,3,0,16.1231884057971,1,0,24.15,1,1,0,0,0,0,0,1,0,0,8,1,1
111,0,1,1,47.0,0,0,52.0,2,0,0,0,0,1,1,0,1,0,2,0,1
112,0,3,0,14.5,1,0,14.4542,0,0,0,0,0,0,1,1,0,0,8,0,1
113,0,3,1,22.0,0,0,8.05,2,0,1,1,0,0,1,0,1,0,8,1,0
114,0,3,0,20.0,1,0,9.825,2,0,1,0,1,0,1,1,0,0,8,1,1
115,0,3,0,17.0,0,0,14.4583,0,0,0,0,0,0,1,0,1,0,8,0,1
116,0,3,1,21.0,0,0,7.925,2,0,1,1,0,0,1,0,1,0,8,0,0
117,0,3,1,70.5,0,0,7.75,1,0,0,0,0,0,1,0,1,0,8,1,0
118,0,2,1,29.0,1,0,21.0,2,0,1,1,0,0,1,1,0,0,8,0,1
119,0,1,1,24.0,0,1,247.5208,0,0,1,1,0,1,1,1,0,0,1,0,2
120,0,3,0,2.0,4,2,31.275,2,1,0,0,0,0,1,6,0,1,8,1,1
121,0,2,1,21.0,2,0,73.5,2,0,1,1,0,0,1,2,0,0,8,0,1
122,0,3,1,,0,0,8.05,2,0,0,0,0,0,0,0,1,0,8,1,0
123,0,2,1,32.5,1,0,30.0708,0,0,1,1,0,0,1,1,0,0,8,0,1
124,1,2,0,32.5,0,0,13.0,2,0,1,0,1,1,1,0,1,0,4,0,1
125,0,1,1,54.0,0,1,77.2875,2,0,0,0,0,1,1,1,0,0,3,1,1
126,1,3,1,12.0,1,0,11.2417,0,0,0,0,0,0,1,1,0,0,8,0,1
127,0,3,1,,0,0,7.75,1,0,0,0,0,0,0,0,1,0,8,1,0
128,1,3,1,24.0,0,0,7.1417,2,0,1,1,0,0,1,0,1,0,8,0,0
129,1,3,0,16.1231884057971,1,1,22.3583,0,1,0,0,0,1,0,2,0,0,5,0,1
130,0,3,1,45.0,0,0,6.975,2,0,0,0,0,0,1,0,1,0,8,1,0
131,0,3,1,33.0,0,0,7.8958,0,0,1,1,0,0,1,0,1,0,8,1,0
132,0,3,1,20.0,0,0,7.05,2,0,1,1,0,0,1,0,1,0,8,0,0
133,0,3,0,47.0,1,0,14.5,2,0,0,0,0,0,1,1,0,0,8,1,1
134,1,2,0,29.0,1,0,26.0,2,0,1,0,1,0,1,1,0,0,8,0,1
135,0,2,1,25.0,0,0,13.0,2,0,1,1,0,0,1,0,1,0,8,0,1
136,0,2,1,23.0,0,0,15.0458,0,0,1,1,0,0,1,0,1,0,8,0,1
137,1,1,0,19.0,0,2,26.2833,2,0,1,0,1,1,1,2,0,0,3,0,1
138,0,1,1,37.0,1,0,53.1,2,0,1,1,0,1,1,1,0,0,2,0,1
139,0,3,1,16.0,0,0,9.2167,2,0,0,0,0,0,1,0,1,0,8,1,1
140,0,1,1,24.0,0,0,79.2,0,0,1,1,0,1,1,0,1,0,1,0,1
141,0,3,0,33.515151515151516,0,2,15.2458,0,0,1,0,1,0,0,2,0,0,8,0,1
142,1,3,0,22.0,0,0,7.75,2,0,1,0,1,0,1,0,1,0,8,1,0
143,1,3,0,24.0,1,0,15.85,2,0,1,0,1,0,1,1,0,0,8,0,1
144,0,3,1,19.0,0,0,6.75,1,0,1,1,0,0,1,0,1,0,8,1,0
145,0,2,1,18.0,0,0,11.5,2,0,1,1,0,0,1,0,1,0,8,0,1
146,0,2,1,19.0,1,1,36.75,2,0,1,1,0,0,1,2,0,0,8,0,1
147,1,3,1,27.0,0,0,7.7958,2,0,1,1,0,0,1,0,1,0,8,1,0
148,0,3,0,9.0,2,2,34.375,2,1,0,0,0,0,1,4,0,0,8,1,1
149,0,2,1,36.5,0,2,26.0,2,0,1,1,0,1,1,2,0,0,5,0,1
150,0,2,1,42.0,0,0,13.0,2,0,0,0,0,0,1,0,1,0,8,0,1
151,0,2,1,51.0,0,0,12.525,2,0,0,0,0,0,1,0,1,0,8,0,1
152,1,1,0,22.0,1,0,66.6,2,0,1,0,1,1,1,1,0,0,2,0,1
153,0,3,1,55.5,0,0,8.05,2,0,0,0,0,0,1,0,1,0,8,1,0
154,0,3,1,40.5,0,2,14.5,2,0,0,0,0,0,1,2,0,0,8,1,1
155,0,3,1,,0,0,7.3125,2,0,0,0,0,0,0,0,1,0,8,0,0
156,0,1,1,51.0,0,1,61.3792,0,0,0,0,0,0,1,1,0,0,8,0,1
157,1,3,0,16.0,0,0,7.7333,1,0,0,0,0,0,1,0,1,0,8,1,0
158,0,3,1,30.0,0,0,8.05,2,0,1,1,0,0,1,0,1,0,8,0,0
159,0,3,1,,0,0,8.6625,2,0,0,0,0,0,0,0,1,0,8,1,0
160,0,3,1,27.704778156996586,8,2,69.55,2,1,0,0,0,0,0,10,0,1,8,0,1
161,0,3,1,44.0,0,1,16.1,2,0,0,0,0,0,1,1,0,0,8,1,1
162,1,2,0,40.0,0,0,15.75,2,0,1,0,1,0,1,0,1,0,8,0,1
163,0,3,1,26.0,0,0,7.775,2,0,1,1,0,0,1,0,1,0,8,1,0
164,0,3,1,17.0,0,0,8.6625,2,0,0,0,0,0,1,0,1,0,8,1,0
165,0,3,1,1.0,4,1,39.6875,2,1,0,0,0,0,1,5,0,1,8,1,1
166,1,3,1,9.0,0,2,20.525,2,1,0,0,0,0,1,2,0,0,8,1,1
167,1,1,0,40.88235294117647,0,1,55.0,2,0,0,0,0,1,0,1,0,0,4,0,1
168,0,3,0,45.0,1,4,27.9,2,0,0,0,0,0,1,5,0,1,8,1,1
169,0,1,1,,0,0,25.925,2,0,0,0,0,0,0,0,1,0,8,0,1
170,0,3,1,28.0,0,0,56.4958,2,0,1,1,0,0,1,0,1,0,8,0,1
171,0,1,1,61.0,0,0,33.5,2,0,0,0,0,1,1,0,1,0,1,0,1
172,0,3,1,4.0,4,1,29.125,1,1,0,0,0,0,1,5,0,1,8,1,1
173,1,3,0,1.0,1,1,11.1333,2,1,0,0,0,0,1,2,0,0,8,1,1
174,0,3,1,21.0,0,0,7.925,2,0,1,1,0,0,1,0,1,0,8,0,0
175,0,1,1,56.0,0,0,30.6958,0,0,0,0,0,1,1,0,1,0,0,0,1
176,0,3,1,18.0,1,1,7.8542,2,0,1,1,0,0,1,2,0,0,8,1,0
177,0,3,1,27.704778156996586,3,1,25.4667,2,1,0,0,0,0,0,4,0,1,8,1,1
178,0,1,0,50.0,0,0,28.7125,0,0,0,0,0,1,1,0,1,0,2,0,1
179,0,2,1,30.0,0,0,13.0,2,0,1,1,0,0,1,0,1,0,8,0,1
180,0,3,1,36.0,0,0,0.0,2,0,1,1,0,0,1,0,1,0,8,1,0
181,0,3,0,16.1231884057971,8,2,69.55,2,1,0,0,0,0,0,10,0,1,8,0,1
182,0,2,1,,0,0,15.05,0,0,0,0,0,0,0,0,1,0,8,0,1
183,0,3,1,9.0,4,2,31.3875,2,1,0,0,0,0,1,6,0,1,8,1,1
184,1,2,1,1.0,2,1,39.0,2,1,0,0,0,1,1,3,0,0,5,0,1
185,1,3,0,4.0,0,2,22.025,2,1,0,0,0,0,1,2,0,0,8,1,1
186,0,1,1,,0,0,50.0,2,0,0,0,0,1,0,0,1,0,0,0,1
187,1,3,0,33.515151515151516,1,0,15.5,1,0,1,0,1,0,0,1,0,0,8,1,1
188,1,1,1,45.0,0,0,26.55,2,0,0,0,0,0,1,0,1,0,8,0,1
189,0,3,1,40.0,1,1,15.5,1,0,1,1,0,0,1,2,0,0,8,1,1
190,0,3,1,36.0,0,0,7.8958,2,0,1,1,0,0,1,0,1,0,8,1,0
191,1,2,0,32.0,0,0,13.0,2,0,1,0,1,0,1,0,1,0,8,0,1
192,0,2,1,19.0,0,0,13.0,2,0,1,1,0,0,1,0,1,0,8,0,1
193,1,3,0,19.0,1,0,7.8542,2,0,1,0,1,0,1,1,0,0,8,1,0
194,1,2,1,3.0,1,1,26.0,2,1,0,0,0,1,1,2,0,0,5,0,1
195,1,1,0,44.0,0,0,27.7208,0,0,0,0,0,1,1,0,1,0,1,0,1
196,1,1,0,58.0,0,0,146.5208,0,0,0,0,0,1,1,0,1,0,1,0,2
197,0,3,1,,0,0,7.75,1,0,0,0,0,0,0,0,1,0,8,1,0
198,0,3,1,42.0,0,1,8.4042,2,0,0,0,0,0,1,1,0,0,8,1,0
199,1,3,0,16.1231884057971,0,0,7.75,1,1,0,0,0,0,0,0,1,0,8,1,0
200,0,2,0,24.0,0,0,13.0,2,0,1,0,1,0,1,0,1,0,8,0,1
201,0,3,1,28.0,0,0,9.5,2,0,1,1,0,0,1,0,1,0,8,1,1
202,0,3,1,,8,2,69.55,2,0,0,0,0,0,0,10,0,1,8,0,1
203,0,3,1,34.0,0,0,6.4958,2,0,1,1,0,0,1,0,1,0,8,1,0
204,0,3,1,45.5,0,0,7.225,0,0,0,0,0,0,1,0,1,0,8,0,0
205,1,3,1,18.0,0,0,8.05,2,0,1,1,0,0,1,0,1,0,8,1,0
206,0,3,0,2.0,0,1,10.4625,2,1,0,0,0,1,1,1,0,0,6,1,1
207,0,3,1,32.0,1,0,15.85,2,0,1,1,0,0,1,1,0,0,8,1,1
208,1,3,1,26.0,0,0,18.7875,0,0,1,1,0,0,1,0,1,0,8,0,1
209,1,3,0,16.0,0,0,7.75,1,0,0,0,0,0,1,0,1,0,8,1,0
210,1,1,1,40.0,0,0,31.0,0,0,1,1,0,1,1,0,1,0,0,0,1
211,0,3,1,24.0,0,0,7.05,2,0,1,1,0,0,1,0,1,0,8,0,0
212,1,2,0,35.0,0,0,21.0,2,0,1,0,1,0,1,0,1,0,8,0,1
213,0,3,1,22.0,0,0,7.25,2,0,1,1,0,0,1,0,1,0,8,1,0
214,0,2,1,30.0,0,0,13.0,2,0,1,1,0,0,1,0,1,0,8,0,1
215,0,3,1,,1,0,7.75,1,0,0,0,0,0,0,1,0,0,8,1,0
216,1,1,0,31.0,1,0,113.275,0,0,1,0,1,1,1,1,0,0,3,1,2
217,1,3,0,27.0,0,0,7.925,2,0,1,0,1,0,1,0,1,0,8,0,0
218,0,2,1,42.0,1,0,27.0,2,0,0,0,0,0,1,1,0,0,8,0,1
219,1,1,0,32.0,0,0,76.2917,0,0,1,0,1,1,1,0,1,0,3,0,1
220,0,2,1,30.0,0,0,10.5,2,0,1,1,0,0,1,0,1,0,8,1,1
221,1,3,1,16.0,0,0,8.05,2,0,0,0,0,0,1,0,1,0,8,0,0
222,0,2,1,27.0,0,0,13.0,2,0,1,1,0,0,1,0,1,0,8,0,1
223,0,3,1,51.0,0,0,8.05,2,0,0,0,0,0,1,0,1,0,8,0,0
224,0,3,1,,0,0,7.8958,2,0,0,0,0,0,0,0,1,0,8,1,0
225,1,1,1,38.0,1,0,90.0,2,0,1,1,0,1,1,1,0,0,2,0,1
226,0,3,1,22.0,0,0,9.35,2,0,1,1,0,0,1,0,1,0,8,0,1
227,1,2,1,19.0,0,0,10.5,2,0,1,1,0,0,1,0,1,0,8,0,1
228,0,3,1,20.5,0,0,7.25,2,0,1,1,0,0,1,0,1,0,8,1,0
229,0,2,1,18.0,0,0,13.0,2,0,1,1,0,0,1,0,1,0,8,0,1
230,0,3,0,16.1231884057971,3,1,25.4667,2,1,0,0,0,0,0,4,0,1,8,1,1
231,1,1,0,35.0,1,0,83.475,2,0,1,0,1,1,1,1,0,0,2,1,1
232,0,3,1,29.0,0,0,7.775,2,0,1,1,0,0,1,0,1,0,8,1,0
233,0,2,1,59.0,0,0,13.5,2,0,0,0,0,0,1,0,1,0,8,0,1
234,1,3,0,5.0,4,2,31.3875,2,1,0,0,0,0,1,6,0,1,8,1,1
235,0,2,1,24.0,0,0,10.5,2,0,1,1,0,0,1,0,1,0,8,0,1
236,0,3,0,16.1231884057971,0,0,7.55,2,1,0,0,0,0,0,0,1,0,8,1,0
237,0,2,1,44.0,1,0,26.0,2,0,0,0,0,0,1,1,0,0,8,0,1
238,1,2,0,8.0,0,2,26.25,2,1,0,0,0,0,1,2,0,0,8,0,1
239,0,2,1,19.0,0,0,10.5,2,0,1,1,0,0,1,0,1,0,8,0,1
240,0,2,1,33.0,0,0,12.275,2,0,1,1,0,0,1,0,1,0,8,0,1
241,0,3,0,16.1231884057971,1,0,14.4542,0,1,0,0,0,0,0,1,0,0,8,0,1
242,1,3,0,16.1231884057971,1,0,15.5,1,1,0,0,0,0,0,1,0,0,8,1,1
243,0,2,1,29.0,0,0,10.5,2,0,1,1,0,0,1,0,1,0,8,1,1
244,0,3,1,22.0,0,0,7.125,2,0,1,1,0,0,1,0,1,0,8,0,0
245,0,3,1,30.0,0,0,7.225,0,0,1,1,0,0,1,0,1,0,8,0,0
246,0,1,1,44.0,2,0,90.0,1,0,0,0,0,1,1,2,0,0,2,0,1
247,0,3,0,25.0,0,0,7.775,2,0,1,0,1,0,1,0,1,0,8,1,0
248,1,2,0,24.0,0,2,14.5,2,0,1,0,1,0,1,2,0,0,8,0,1
249,1,1,1,37.0,1,1,52.5542,2,0,1,1,0,1,1,2,0,0,3,0,1
250,0,2,1,54.0,1,0,26.0,2,0,0,0,0,0,1,1,0,0,8,0,1
251,0,3,1,,0,0,7.25,2,0,0,0,0,0,0,0,1,0,8,1,0
252,0,3,0,29.0,1,1,10.4625,2,0,1,0,1,1,1,2,0,0,6,1,1
253,0,1,1,62.0,0,0,26.55,2,0,0,0,0,1,1,0,1,0,2,0,1
254,0,3,1,30.0,1,0,16.1,2,0,1,1,0,0,1,1,0,0,8,1,1
255,0,3,0,41.0,0,2,20.2125,2,0,0,0,0,0,1,2,0,0,8,1,1
256,1,3,0,29.0,0,2,15.2458,0,0,1,0,1,0,1,2,0,0,8,0,1
257,1,1,0,40.88235294117647,0,0,79.2,0,0,0,0,0,0,0,0,1,0,8,0,1
258,1,1,0,30.0,0,0,86.5,2,0,1,0,1,1,1,0,1,0,1,0,1
259,1,1,0,35.0,0,0,512.3292,0,0,1,0,1,0,1,0,1,0,8,0,2
260,1,2,0,50.0,0,1,26.0,2,0,0,0,0,0,1,1,0,0,8,0,1
261,0,3,1,,0,0,7.75,1,0,0,0,0,0,0,0,1,0,8,1,0
262,1,3,1,3.0,4,2,31.3875,2,1,0,0,0,0,1,6,0,1,8,1,1
263,0,1,1,52.0,1,1,79.65,2,0,0,0,0,1,1,2,0,0,4,0,1
264,0,1,1,40.0,0,0,0.0,2,0,1,1,0,1,1,0,1,0,1,0,0
265,0,3,0,16.1231884057971,0,0,7.75,1,1,0,0,0,0,0,0,1,0,8,1,0
266,0,2,1,36.0,0,0,10.5,2,0,1,1,0,0,1,0,1,0,8,0,1
267,0,3,1,16.0,4,1,39.6875,2,0,0,0,0,0,1,5,0,1,8,1,1
268,1,3,1,25.0,1,0,7.775,2,0,1,1,0,0,1,1,0,0,8,1,0
269,1,1,0,58.0,0,1,153.4625,2,0,0,0,0,1,1,1,0,0,2,0,2
270,1,1,0,35.0,0,0,135.6333,2,0,1,0,1,1,1,0,1,0,2,0,2
271,0,1,1,,0,0,31.0,2,0,0,0,0,0,0,0,1,0,8,0,1
272,1,3,1,25.0,0,0,0.0,2,0,1,1,0,0,1,0,1,0,8,1,0
273,1,2,0,41.0,0,1,19.5,2,0,0,0,0,0,1,1,0,0,8,0,1
274,0,1,1,37.0,0,1,29.7,0,0,1,1,0,1,1,1,0,0,2,0,1
275,1,3,0,16.1231884057971,0,0,7.75,1,1,0,0,0,0,0,0,1,0,8,1,0
276,1,1,0,63.0,1,0,77.9583,2,0,0,0,0,1,1,1,0,0,3,0,1
277,0,3,0,45.0,0,0,7.75,2,0,0,0,0,0,1,0,1,0,8,1,0
278,0,2,1,,0,0,0.0,2,0,0,0,0,0,0,0,1,0,8,0,0
279,0,3,1,7.0,4,1,29.125,1,1,0,0,0,0,1,5,0,1,8,1,1
280,1,3,0,35.0,1,1,20.25,2,0,1,0,1,0,1,2,0,0,8,0,1
281,0,3,1,65.0,0,0,7.75,1,0,0,0,0,0,1,0,1,0,8,1,0
282,0,3,1,28.0,0,0,7.8542,2,0,1,1,0,0,1,0,1,0,8,1,0
283,0,3,1,16.0,0,0,9.5,2,0,0,0,0,0,1,0,1,0,8,1,1
284,1,3,1,19.0,0,0,8.05,2,0,1,1,0,0,1,0,1,0,8,1,0
285,0,1,1,,0,0,26.0,2,0,0,0,0,1,0,0,1,0,0,0,1
286,0,3,1,33.0,0,0,8.6625,0,0,1,1,0,0,1,0,1,0,8,1,0
287,1,3,1,30.0,0,0,9.5,2,0,1,1,0,0,1,0,1,0,8,1,1
288,0,3,1,22.0,0,0,7.8958,2,0,1,1,0,0,1,0,1,0,8,1,0
289,1,2,1,42.0,0,0,13.0,2,0,0,0,0,0,1,0,1,0,8,0,1
290,1,3,0,22.0,0,0,7.75,1,0,1,0,1,0,1,0,1,0,8,1,0
291,1,1,0,26.0,0,0,78.85,2,0,1,0,1,0,1,0,1,0,8,0,1
292,1,1,0,19.0,1,0,91.0792,0,0,1,0,1,1,1,1,0,0,1,0,1
293,0,2,1,36.0,0,0,12.875,0,0,1,1,0,1,1,0,1,0,3,0,1
294,0,3,0,24.0,0,0,8.85,2,0,1,0,1,0,1,0,1,0,8,1,0
295,0,3,1,24.0,0,0,7.8958,2,0,1,1,0,0,1,0,1,0,8,1,0
296,0,1,1,,0,0,27.7208,0,0,0,0,0,0,0,0,1,0,8,0,1
297,0,3,1,23.5,0,0,7.2292,0,0,1,1,0,0,1,0,1,0,8,0,0
298,0,1,0,2.0,1,2,151.55,2,1,0,0,0,1,1,3,0,0,2,0,2
299,1,1,1,,0,0,30.5,2,0,0,0,0,1,0,0,1,0,2,0,1
300,1,1,0,50.0,0,1,247.5208,0,0,0,0,0,1,1,1,0,0,1,0,2
301,1,3,0,16.1231884057971,0,0,7.75,1,1,0,0,0,0,0,0,1,0,8,0,0
302,1,3,1,,2,0,23.25,1,0,0,0,0,0,0,2,0,0,8,1,1
303,0,3,1,19.0,0,0,0.0,2,0,1,1,0,0,1,0,1,0,8,1,0
304,1,2,0,,0,0,12.35,1,0,0,0,0,1,0,0,1,0,4,0,1
305,0,3,1,,0,0,8.05,2,0,0,0,0,0,0,0,1,0,8,1,0
306,1,1,1,0.92,1,2,151.55,2,1,0,0,0,1,1,3,0,0,2,0,2
307,1,1,0,30.0,0,0,110.8833,0,0,1,0,1,0,0,0,1,0,8,0,2
308,1,1,0,17.0,1,0,108.9,0,0,0,0,0,1,1,1,0,0,2,0,2
309,0,2,1,30.0,1,0,24.0,0,0,1,1,0,0,1,1,0,0,8,0,1
310,1,1,0,30.0,0,0,56.9292,0,0,1,0,1,1,1,0,1,0,4,0,1
311,1,1,0,24.0,0,0,83.1583,0,0,1,0,1,1,1,0,1,0,2,0,1
312,1,1,0,18.0,2,2,262.375,0,0,1,0,1,1,1,4,0,0,1,0,2
313,0,2,0,26.0,1,1,26.0,2,0,1,0,1,0,1,2,0,0,8,0,1
314,0,3,1,28.0,0,0,7.8958,2,0,1,1,0,0,1,0,1,0,8,1,0
315,0,2,1,43.0,1,1,26.25,2,0,0,0,0,0,1,2,0,0,8,0,1
316,1,3,0,26.0,0,0,7.8542,2,0,1,0,1,0,1,0,1,0,8,1,0
317,1,2,0,24.0,1,0,26.0,2,0,1,0,1,0,1,1,0,0,8,0,1
318,0,2,1,54.0,0,0,14.0,2,0,0,0,0,0,1,0,1,0,8,0,1
319,1,1,0,31.0,0,2,164.8667,2,0,1,0,1,1,1,2,0,0,2,1,2
320,1,1,0,40.0,1,1,134.5,0,0,1,0,1,1,1,2,0,0,4,0,2
321,0,3,1,22.0,0,0,7.25,2,0,1,1,0,0,1,0,1,0,8,1,0
322,0,3,1,27.0,0,0,7.8958,2,0,1,1,0,0,1,0,1,0,8,1,0
323,1,2,0,30.0,0,0,12.35,1,0,1,0,1,0,1,0,1,0,8,0,1
324,1,2,0,22.0,1,1,29.0,2,0,1,0,1,0,1,2,0,0,8,0,1
325,0,3,1,,8,2,69.55,2,0,0,0,0,0,0,10,0,1,8,0,1
326,1,1,0,36.0,0,0,135.6333,0,0,1,0,1,1,1,0,1,0,2,0,2
327,0,3,1,61.0,0,0,6.2375,2,0,0,0,0,0,1,0,1,0,8,1,0
328,1,2,0,36.0,0,0,13.0,2,0,1,0,1,1,1,0,1,0,3,0,1
329,1,3,0,31.0,1,1,20.525,2,0,1,0,1,0,1,2,0,0,8,1,1
330,1,1,0,16.0,0,1,57.9792,0,0,0,0,0,1,1,1,0,0,1,0,1
331,1,3,0,16.1231884057971,2,0,23.25,1,1,0,0,0,0,0,2,0,0,8,1,1
332,0,1,1,45.5,0,0,28.5,2,0,0,0,0,1,1,0,1,0,2,0,1
333,0,1,1,38.0,0,1,153.4625,2,0,1,1,0,1,1,1,0,0,2,0,2
334,0,3,1,16.0,2,0,18.0,2,0,0,0,0,0,1,2,0,0,8,1,1
335,1,1,0,40.88235294117647,1,0,133.65,2,0,0,0,0,0,0,1,0,0,8,0,2
336,0,3,1,,0,0,7.8958,2,0,0,0,0,0,0,0,1,0,8,1,0
337,0,1,1,29.0,1,0,66.6,2,0,1,1,0,1,1,1,0,0,2,0,1
338,1,1,0,41.0,0,0,134.5,0,0,0,0,0,1,1,0,1,0,4,0,2
339,1,3,1,45.0,0,0,8.05,2,0,0,0,0,0,1,0,1,0,8,1,0
340,0,1,1,45.0,0,0,35.5,2,0,0,0,0,1,1,0,1,0,7,0,1
341,1,2,1,2.0,1,1,26.0,2,1,0,0,0,1,1,2,0,0,5,0,1
342,1,1,0,24.0,3,2,263.0,2,0,1,0,1,1,1,5,0,1,2,0,2
343,0,2,1,28.0,0,0,13.0,2,0,1,1,0,0,1,0,1,0,8,0,1
344,0,2,1,25.0,0,0,13.0,2,0,1,1,0,0,1,0,1,0,8,0,1
345,0,2,1,36.0,0,0,13.0,2,0,1,1,0,0,1,0,1,0,8,0,1
346,1,2,0,24.0,0,0,13.0,2,0,1,0,1,1,1,0,1,0,5,0,1
347,1,2,0,40.0,0,0,13.0,2,0,1,0,1,0,1,0,1,0,8,1,1
348,1,3,0,33.515151515151516,1,0,16.1,2,0,1,0,1,0,0,1,0,0,8,1,1
349,1,3,1,3.0,1,1,15.9,2,1,0,0,0,0,1,2,0,0,8,0,1
350,0,3,1,42.0,0,0,8.6625,2,0,0,0,0,0,1,0,1,0,8,1,0
351,0,3,1,23.0,0,0,9.225,2,0,1,1,0,0,1,0,1,0,8,1,1
352,0,1,1,,0,0,35.0,2,0,0,0,0,1,0,0,1,0,2,0,1
353,0,3,1,15.0,1,1,7.2292,0,0,0,0,0,0,1,2,0,0,8,0,0
354,0,3,1,25.0,1,0,17.8,2,0,1,1,0,0,1,1,0,0,8,1,1
355,0,3,1,,0,0,7.225,0,0,0,0,0,0,0,0,1,0,8,0,0
356,0,3,1,28.0,0,0,9.5,2,0,1,1,0,0,1,0,1,0,8,1,1
357,1,1,0,22.0,0,1,55.0,2,0,1,0,1,1,1,1,0,0,4,0,1
358,0,2,0,38.0,0,0,13.0,2,0,1,0,1,0,1,0,1,0,8,0,1
359,1,3,0,16.1231884057971,0,0,7.8792,1,1,0,0,0,0,0,0,1,0,8,1,0
360,1,3,0,16.1231884057971,0,0,7.8792,1,1,0,0,0,0,0,0,1,0,8,1,0
361,0,3,1,40.0,1,4,27.9,2,0,1,1,0,0,1,5,0,1,8,1,1
362,0,2,1,29.0,1,0,27.7208,0,0,1,1,0,0,1,1,0,0,8,0,1
363,0,3,0,45.0,0,1,14.4542,0,0,0,0,0,0,1,1,0,0,8,0,1
364,0,3,1,35.0,0,0,7.05,2,0,1,1,0,0,1,0,1,0,8,0,0
365,0,3,1,,1,0,15.5,1,0,0,0,0,0,0,1,0,0,8,1,1
366,0,3,1,30.0,0,0,7.25,2,0,1,1,0,0,1,0,1,0,8,0,0
367,1,1,0,60.0,1,0,75.25,0,0,0,0,0,1,1,1,0,0,3,0,1
368,1,3,0,33.515151515151516,0,0,7.2292,0,0,1,0,1,0,0,0,1,0,8,0,0
369,1,3,0,16.1231884057971,0,0,7.75,1,1,0,0,0,0,0,0,1,0,8,0,0
370,1,1,0,24.0,0,0,69.3,0,0,1,0,1,1,1,0,1,0,1,0,1
371,1,1,1,25.0,1,0,55.4417,0,0,1,1,0,1,1,1,0,0,4,0,1
372,0,3,1,18.0,1,0,6.4958,2,0,1,1,0,0,1,1,0,0,8,1,0
373,0,3,1,19.0,0,0,8.05,2,0,1,1,0,0,1,0,1,0,8,1,0
374,0,1,1,22.0,0,0,135.6333,0,0,1,1,0,0,1,0,1,0,8,0,2
375,0,3,0,3.0,3,1,21.075,2,1,0,0,0,0,1,4,0,1,8,1,1
376,1,1,0,40.88235294117647,1,0,82.1708,0,0,0,0,0,0,0,1,0,0,8,0,1
377,1,3,0,22.0,0,0,7.25,2,0,1,0,1,0,1,0,1,0,8,0,0
378,0,1,1,27.0,0,2,211.5,0,0,1,1,0,1,1,2,0,0,2,0,2
379,0,3,1,20.0,0,0,4.0125,0,0,1,1,0,0,1,0,1,0,8,0,0
380,0,3,1,19.0,0,0,7.775,2,0,1,1,0,0,1,0,1,0,8,1,0
381,1,1,0,42.0,0,0,227.525,0,0,0,0,0,0,1,0,1,0,8,0,2
382,1,3,0,1.0,0,2,15.7417,0,1,0,0,0,0,1,2,0,0,8,0,1
383,0,3,1,32.0,0,0,7.925,2,0,1,1,0,0,1,0,1,0,8,0,0
384,1,1,0,35.0,1,0,52.0,2,0,1,0,1,0,1,1,0,0,8,0,1
385,0,3,1,,0,0,7.8958,2,0,0,0,0,0,0,0,1,0,8,1,0
386,0,2,1,18.0,0,0,73.5,2,0,1,1,0,0,1,0,1,0,8,0,1
387,0,3,1,1.0,5,2,46.9,2,1,0,0,0,0,1,7,0,1,8,0,1
388,1,2,0,36.0,0,0,13.0,2,0,1,0,1,0,1,0,1,0,8,0,1
389,0,3,1,,0,0,7.7292,1,0,0,0,0,0,0,0,1,0,8,1,0
390,1,2,0,17.0,0,0,12.0,0,0,0,0,0,0,1,0,1,0,8,0,1
391,1,1,1,36.0,1,2,120.0,2,0,1,1,0,1,1,3,0,0,1,0,2
392,1,3,1,21.0,0,0,7.7958,2,0,1,1,0,0,1,0,1,0,8,1,0
393,0,3,1,28.0,2,0,7.925,2,0,1,1,0,0,1,2,0,0,8,1,0
394,1,1,0,23.0,1,0,113.275,0,0,1,0,1,1,1,1,0,0,3,1,2
395,1,3,0,24.0,0,2,16.7,2,0,1,0,1,1,1,2,0,0,6,0,1
396,0,3,1,22.0,0,0,7.7958,2,0,1,1,0,0,1,0,1,0,8,1,0
397,0,3,0,31.0,0,0,7.8542,2,0,1,0,1,0,1,0,1,0,8,1,0
398,0,2,1,46.0,0,0,26.0,2,0,0,0,0,0,1,0,1,0,8,0,1
399,0,2,1,23.0,0,0,10.5,2,0,1,1,0,0,1,0,1,0,8,0,1
400,1,2,0,28.0,0,0,12.65,2,0,1,0,1,0,1,0,1,0,8,0,1
401,1,3,1,39.0,0,0,7.925,2,0,1,1,0,0,1,0,1,0,8,0,0
402,0,3,1,26.0,0,0,8.05,2,0,1,1,0,0,1,0,1,0,8,1,0
403,0,3,0,21.0,1,0,9.825,2,0,1,0,1,0,1,1,0,0,8,1,1
404,0,3,1,28.0,1,0,15.85,2,0,1,1,0,0,1,1,0,0,8,0,1
405,0,3,0,20.0,0,0,8.6625,2,0,1,0,1,0,1,0,1,0,8,1,0
406,0,2,1,34.0,1,0,21.0,2,0,1,1,0,0,1,1,0,0,8,0,1
407,0,3,1,51.0,0,0,7.75,2,0,0,0,0,0,1,0,1,0,8,1,0
408,1,2,1,3.0,1,1,18.75,2,1,0,0,0,0,1,2,0,0,8,0,1
409,0,3,1,21.0,0,0,7.775,2,0,1,1,0,0,1,0,1,0,8,1,0
410,0,3,0,16.1231884057971,3,1,25.4667,2,1,0,0,0,0,0,4,0,1,8,1,1
411,0,3,1,,0,0,7.8958,2,0,0,0,0,0,0,0,1,0,8,1,0
412,0,3,1,,0,0,6.8583,1,0,0,0,0,0,0,0,1,0,8,1,0
413,1,1,0,33.0,1,0,90.0,1,0,1,0,1,1,1,1,0,0,2,0,1
414,0,2,1,,0,0,0.0,2,0,0,0,0,0,0,0,1,0,8,0,0
415,1,3,1,44.0,0,0,7.925,2,0,0,0,0,0,1,0,1,0,8,0,0
416,0,3,0,33.515151515151516,0,0,8.05,2,0,1,0,1,0,0,0,1,0,8,1,0
417,1,2,0,34.0,1,1,32.5,2,0,1,0,1,0,1,2,0,0,8,0,1
418,1,2,0,18.0,0,2,13.0,2,0,1,0,1,0,1,2,0,0,8,0,1
419,0,2,1,30.0,0,0,13.0,2,0,1,1,0,0,1,0,1,0,8,0,1
420,0,3,0,10.0,0,2,24.15,2,0,0,0,0,0,1,2,0,0,8,1,1
421,0,3,1,,0,0,7.8958,0,0,0,0,0,0,0,0,1,0,8,1,0
422,0,3,1,21.0,0,0,7.7333,1,0,1,1,0,0,1,0,1,0,8,1,0
423,0,3,1,29.0,0,0,7.875,2,0,1,1,0,0,1,0,1,0,8,1,0
424,0,3,0,28.0,1,1,14.4,2,0,1,0,1,0,1,2,0,0,8,1,1
425,0,3,1,18.0,1,1,20.2125,2,0,1,1,0,0,1,2,0,0,8,1,1
426,0,3,1,,0,0,7.25,2,0,0,0,0,0,0,0,1,0,8,1,0
427,1,2,0,28.0,1,0,26.0,2,0,1,0,1,0,1,1,0,0,8,0,1
428,1,2,0,19.0,0,0,26.0,2,0,1,0,1,0,1,0,1,0,8,0,1
429,0,3,1,,0,0,7.75,1,0,0,0,0,0,0,0,1,0,8,1,0
430,1,3,1,32.0,0,0,8.05,2,0,1,1,0,1,1,0,1,0,4,0,0
431,1,1,1,28.0,0,0,26.55,2,0,1,1,0,1,1,0,1,0,2,0,1
432,1,3,0,33.515151515151516,1,0,16.1,2,0,1,0,1,0,0,1,0,0,8,1,1
433,1,2,0,42.0,1,0,26.0,2,0,0,0,0,0,1,1,0,0,8,0,1
434,0,3,1,17.0,0,0,7.125,2,0,0,0,0,0,1,0,1,0,8,0,0
435,0,1,1,50.0,1,0,55.9,2,0,0,0,0,1,1,1,0,0,4,0,1
436,1,1,0,14.0,1,2,120.0,2,0,0,0,0,1,1,3,0,0,1,0,2
437,0,3,0,21.0,2,2,34.375,2,0,1,0,1,0,1,4,0,0,8,1,1
438,1,2,0,24.0,2,3,18.75,2,0,1,0,1,0,1,5,0,0,8,0,1
439,0,1,1,64.0,1,4,263.0,2,0,0,0,0,1,1,5,0,1,2,0,2
440,0,2,1,31.0,0,0,10.5,2,0,1,1,0,0,1,0,1,0,8,0,1
441,1,2,0,45.0,1,1,26.25,2,0,0,0,0,0,1,2,0,0,8,0,1
442,0,3,1,20.0,0,0,9.5,2,0,1,1,0,0,1,0,1,0,8,1,1
443,0,3,1,25.0,1,0,7.775,2,0,1,1,0,0,1,1,0,0,8,1,0
444,1,2,0,28.0,0,0,13.0,2,0,1,0,1,0,1,0,1,0,8,0,1
445,1,3,1,,0,0,8.1125,2,0,0,0,0,0,0,0,1,0,8,1,0
446,1,1,1,4.0,0,2,81.8583,2,1,0,0,0,1,1,2,0,0,0,1,1
447,1,2,0,13.0,0,1,19.5,2,0,0,0,0,0,1,1,0,0,8,0,1
448,1,1,1,34.0,0,0,26.55,2,0,1,1,0,0,1,0,1,0,8,0,1
449,1,3,0,5.0,2,1,19.2583,0,1,0,0,0,0,1,3,0,0,8,0,1
450,1,1,1,52.0,0,0,30.5,2,0,0,0,0,1,1,0,1,0,2,0,1
451,0,2,1,36.0,1,2,27.75,2,0,1,1,0,0,1,3,0,0,8,0,1
452,0,3,1,,1,0,19.9667,2,0,0,0,0,0,0,1,0,0,8,1,1
453,0,1,1,30.0,0,0,27.75,0,0,1,1,0,1,1,0,1,0,2,0,1
454,1,1,1,49.0,1,0,89.1042,0,0,0,0,0,1,1,1,0,0,2,0,1
455,0,3,1,,0,0,8.05,2,0,0,0,0,0,0,0,1,0,8,1,0
456,1,3,1,29.0,0,0,7.8958,0,0,1,1,0,0,1,0,1,0,8,1,0
457,0,1,1,65.0,0,0,26.55,2,0,0,0,0,1,1,0,1,0,4,0,1
458,1,1,0,40.88235294117647,1,0,51.8625,2,0,0,0,0,1,0,1,0,0,3,0,1
459,1,2,0,50.0,0,0,10.5,2,0,0,0,0,0,1,0,1,0,8,0,1
460,0,3,1,,0,0,7.75,1,0,0,0,0,0,0,0,1,0,8,1,0
461,1,1,1,48.0,0,0,26.55,2,0,0,0,0,1,1,0,1,0,4,0,1
462,0,3,1,34.0,0,0,8.05,2,0,1,1,0,0,1,0,1,0,8,1,0
463,0,1,1,47.0,0,0,38.5,2,0,0,0,0,1,1,0,1,0,4,0,1
464,0,2,1,48.0,0,0,13.0,2,0,0,0,0,0,1,0,1,0,8,0,1
465,0,3,1,,0,0,8.05,2,0,0,0,0,0,0,0,1,0,8,1,0
466,0,3,1,38.0,0,0,7.05,2,0,1,1,0,0,1,0,1,0,8,0,0
467,0,2,1,,0,0,0.0,2,0,0,0,0,0,0,0,1,0,8,0,0
468,0,1,1,56.0,0,0,26.55,2,0,0,0,0,0,1,0,1,0,8,0,1
469,0,3,1,,0,0,7.725,1,0,0,0,0,0,0,0,1,0,8,1,0
470,1,3,0,0.75,2,1,19.2583,0,1,0,0,0,0,1,3,0,0,8,0,1
471,0,3,1,,0,0,7.25,2,0,0,0,0,0,0,0,1,0,8,1,0
472,0,3,1,38.0,0,0,8.6625,2,0,1,1,0,0,1,0,1,0,8,1,0
473,1,2,0,33.0,1,2,27.75,2,0,1,0,1,0,1,3,0,0,8,0,1
474,1,2,0,23.0,0,0,13.7917,0,0,1,0,1,1,1,0,1,0,3,0,1
475,0,3,0,22.0,0,0,9.8375,2,0,1,0,1,0,1,0,1,0,8,1,1
476,0,1,1,,0,0,52.0,2,0,0,0,0,1,0,0,1,0,0,0,1
477,0,2,1,34.0,1,0,21.0,2,0,1,1,0,0,1,1,0,0,8,1,1
478,0,3,1,29.0,1,0,7.0458,2,0,1,1,0,0,1,1,0,0,8,1,0
479,0,3,1,22.0,0,0,7.5208,2,0,1,1,0,0,1,0,1,0,8,1,0
480,1,3,0,2.0,0,1,12.2875,2,1,0,0,0,0,1,1,0,0,8,1,1
481,0,3,1,9.0,5,2,46.9,2,1,0,0,0,0,1,7,0,1,8,0,1
482,0,2,1,,0,0,0.0,2,0,0,0,0,0,0,0,1,0,8,0,0
483,0,3,1,50.0,0,0,8.05,2,0,0,0,0,0,1,0,1,0,8,1,0
484,1,3,0,63.0,0,0,9.5875,2,0,0,0,0,0,1,0,1,0,8,1,1
485,1,1,1,25.0,1,0,91.0792,0,0,1,1,0,1,1,1,0,0,1,0,1
486,0,3,0,16.1231884057971,3,1,25.4667,2,1,0,0,0,0,0,4,0,1,8,1,1
487,1,1,0,35.0,1,0,90.0,2,0,1,0,1,1,1,1,0,0,2,0,1
488,0,1,1,58.0,0,0,29.7,0,0,0,0,0,1,1,0,1,0,1,0,1
489,0,3,1,30.0,0,0,8.05,2,0,1,1,0,0,1,0,1,0,8,1,0
490,1,3,1,9.0,1,1,15.9,2,1,0,0,0,0,1,2,0,0,8,0,1
491,0,3,1,,1,0,19.9667,2,0,0,0,0,0,0,1,0,0,8,1,1
492,0,3,1,21.0,0,0,7.25,2,0,1,1,0,0,1,0,1,0,8,0,0
493,0,1,1,55.0,0,0,30.5,2,0,0,0,0,1,1,0,1,0,2,0,1
494,0,1,1,71.0,0,0,49.5042,0,0,0,0,0,0,1,0,1,0,8,0,1
495,0,3,1,21.0,0,0,8.05,2,0,1,1,0,0,1,0,1,0,8,1,0
496,0,3,1,,0,0,14.4583,0,0,0,0,0,0,0,0,1,0,8,0,1
497,1,1,0,54.0,1,0,78.2667,0,0,0,0,0,1,1,1,0,0,3,1,1
498,0,3,1,,0,0,15.1,2,0,0,0,0,0,0,0,1,0,8,0,1
499,0,1,0,25.0,1,2,151.55,2,0,1,0,1,1,1,3,0,0,2,0,2
500,0,3,1,24.0,0,0,7.7958,2,0,1,1,0,0,1,0,1,0,8,1,0
501,0,3,1,17.0,0,0,8.6625,2,0,0,0,0,0,1,0,1,0,8,1,0
502,0,3,0,21.0,0,0,7.75,1,0,1,0,1,0,1,0,1,0,8,1,0
503,0,3,0,16.1231884057971,0,0,7.6292,1,1,0,0,0,0,0,0,1,0,8,1,0
504,0,3,0,37.0,0,0,9.5875,2,0,1,0,1,0,1,0,1,0,8,1,1
505,1,1,0,16.0,0,0,86.5,2,0,0,0,0,1,1,0,1,0,1,0,1
506,0,1,1,18.0,1,0,108.9,0,0,1,1,0,1,1,1,0,0,2,0,2
507,1,2,0,33.0,0,2,26.0,2,0,1,0,1,0,1,2,0,0,8,0,1
508,1,1,1,,0,0,26.55,2,0,0,0,0,0,0,0,1,0,8,0,1
509,0,3,1,28.0,0,0,22.525,2,0,1,1,0,0,1,0,1,0,8,0,1
510,1,3,1,26.0,0,0,56.4958,2,0,1,1,0,0,1,0,1,0,8,0,1
511,1,3,1,29.0,0,0,7.75,1,0,1,1,0,0,1,0,1,0,8,1,0
512,0,3,1,,0,0,8.05,2,0,0,0,0,0,0,0,1,0,8,0,0
513,1,1,1,36.0,0,0,26.2875,2,0,1,1,0,1,1,0,1,0,4,0,1
514,1,1,0,54.0,1,0,59.4,0,0,0,0,0,0,1,1,0,0,8,0,1
515,0,3,1,24.0,0,0,7.4958,2,0,1,1,0,0,1,0,1,0,8,1,0
516,0,1,1,47.0,0,0,34.0208,2,0,0,0,0,1,1,0,1,0,3,1,1
517,1,2,0,34.0,0,0,10.5,2,0,1,0,1,1,1,0,1,0,5,0,1
518,0,3,1,,0,0,24.15,1,0,0,0,0,0,0,0,1,0,8,1,1
519,1,2,0,36.0,1,0,26.0,2,0,1,0,1,0,1,1,0,0,8,0,1
520,0,3,1,32.0,0,0,7.8958,2,0,1,1,0,0,1,0,1,0,8,1,0
521,1,1,0,30.0,0,0,93.5,2,0,1,0,1,1,1,0,1,0,1,0,1
522,0,3,1,22.0,0,0,7.8958,2,0,1,1,0,0,1,0,1,0,8,1,0
523,0,3,1,,0,0,7.225,0,0,0,0,0,0,0,0,1,0,8,0,0
524,1,1,0,44.0,0,1,57.9792,0,0,0,0,0,1,1,1,0,0,1,0,1
525,0,3,1,,0,0,7.2292,0,0,0,0,0,0,0,0,1,0,8,0,0
526,0,3,1,40.5,0,0,7.75,1,0,0,0,0,0,1,0,1,0,8,1,0
527,1,2,0,50.0,0,0,10.5,2,0,0,0,0,0,1,0,1,0,8,1,1
528,0,1,1,,0,0,221.7792,2,0,0,0,0,1,0,0,1,0,2,0,2
529,0,3,1,39.0,0,0,7.925,2,0,1,1,0,0,1,0,1,0,8,1,0
530,0,2,1,23.0,2,1,11.5,2,0,1,1,0,0,1,3,0,0,8,0,1
531,1,2,0,2.0,1,1,26.0,2,1,0,0,0,0,1,2,0,0,8,0,1
532,0,3,1,,0,0,7.2292,0,0,0,0,0,0,0,0,1,0,8,0,0
533,0,3,1,17.0,1,1,7.2292,0,0,0,0,0,0,1,2,0,0,8,0,0
534,1,3,0,33.515151515151516,0,2,22.3583,0,0,1,0,1,0,0,2,0,0,8,0,1
535,0,3,0,30.0,0,0,8.6625,2,0,1,0,1,0,1,0,1,0,8,1,0
536,1,2,0,7.0,0,2,26.25,2,1,0,0,0,0,1,2,0,0,8,0,1
537,0,1,1,45.0,0,0,26.55,2,0,0,0,0,1,1,0,1,0,1,0,1
538,1,1,0,30.0,0,0,106.425,0,0,1,0,1,0,1,0,1,0,8,0,2
539,0,3,1,,0,0,14.5,2,0,0,0,0,0,0,0,1,0,8,1,1
540,1,1,0,22.0,0,2,49.5,0,0,1,0,1,1,1,2,0,0,1,0,1
541,1,1,0,36.0,0,2,71.0,2,0,1,0,1,1,1,2,0,0,1,1,1
542,0,3,0,9.0,4,2,31.275,2,1,0,0,0,0,1,6,0,1,8,1,1
543,0,3,0,11.0,4,2,31.275,2,0,0,0,0,0,1,6,0,1,8,1,1
544,1,2,1,32.0,1,0,26.0,2,0,1,1,0,0,1,1,0,0,8,0,1
545,0,1,1,50.0,1,0,106.425,0,0,0,0,0,1,1,1,0,0,2,0,2
546,0,1,1,64.0,0,0,26.0,2,0,0,0,0,0,1,0,1,0,8,1,1
547,1,2,0,19.0,1,0,26.0,2,0,1,0,1,0,1,1,0,0,8,0,1
548,1,2,1,,0,0,13.8625,0,0,0,0,0,0,0,0,1,0,8,0,1
549,0,3,1,33.0,1,1,20.525,2,0,1,1,0,0,1,2,0,0,8,1,1
550,1,2,1,8.0,1,1,36.75,2,1,0,0,0,0,1,2,0,0,8,0,1
551,1,1,1,17.0,0,2,110.8833,0,0,0,0,0,1,1,2,0,0,2,0,2
552,0,2,1,27.0,0,0,26.0,2,0,1,1,0,0,1,0,1,0,8,0,1
553,0,3,1,,0,0,7.8292,1,0,0,0,0,0,0,0,1,0,8,1,0
554,1,3,1,22.0,0,0,7.225,0,0,1,1,0,0,1,0,1,0,8,0,0
555,1,3,0,22.0,0,0,7.775,2,0,1,0,1,0,1,0,1,0,8,1,0
556,0,1,1,62.0,0,0,26.55,2,0,0,0,0,0,1,0,1,0,8,0,1
557,1,1,0,48.0,1,0,39.6,0,0,0,0,0,1,1,1,0,0,0,0,1
558,0,1,1,,0,0,227.525,0,0,0,0,0,0,0,0,1,0,8,0,2
559,1,1,0,39.0,1,1,79.65,2,0,1,0,1,1,1,2,0,0,4,0,1
560,1,3,0,36.0,1,0,17.4,2,0,1,0,1,0,1,1,0,0,8,1,1
561,0,3,1,,0,0,7.75,1,0,0,0,0,0,0,0,1,0,8,1,0
562,0,3,1,40.0,0,0,7.8958,2,0,1,1,0,0,1,0,1,0,8,1,0
563,0,2,1,28.0,0,0,13.5,2,0,1,1,0,0,1,0,1,0,8,0,1
564,0,3,1,,0,0,8.05,2,0,0,0,0,0,0,0,1,0,8,0,0
565,0,3,0,16.1231884057971,0,0,8.05,2,1,0,0,0,0,0,0,1,0,8,0,0
566,0,3,1,24.0,2,0,24.15,2,0,1,1,0,0,1,2,0,0,8,1,1
567,0,3,1,19.0,0,0,7.8958,2,0,1,1,0,0,1,0,1,0,8,1,0
568,0,3,0,29.0,0,4,21.075,2,0,1,0,1,0,1,4,0,1,8,1,1
569,0,3,1,,0,0,7.2292,0,0,0,0,0,0,0,0,1,0,8,0,0
570,1,3,1,32.0,0,0,7.8542,2,0,1,1,0,0,1,0,1,0,8,1,0
571,1,2,1,62.0,0,0,10.5,2,0,0,0,0,0,1,0,1,0,8,0,1
572,1,1,0,53.0,2,0,51.4792,2,0,0,0,0,1,1,2,0,0,2,0,1
573,1,1,1,36.0,0,0,26.3875,2,0,1,1,0,1,1,0,1,0,4,0,1
574,1,3,0,16.1231884057971,0,0,7.75,1,1,0,0,0,0,0,0,1,0,8,0,0
575,0,3,1,16.0,0,0,8.05,2,0,0,0,0,0,1,0,1,0,8,1,0
576,0,3,1,19.0,0,0,14.5,2,0,1,1,0,0,1,0,1,0,8,1,1
577,1,2,0,34.0,0,0,13.0,2,0,1,0,1,0,1,0,1,0,8,0,1
578,1,1,0,39.0,1,0,55.9,2,0,1,0,1,1,1,1,0,0,4,0,1
579,0,3,0,33.515151515151516,1,0,14.4583,0,0,1,0,1,0,0,1,0,0,8,0,1
580,1,3,1,32.0,0,0,7.925,2,0,1,1,0,0,1,0,1,0,8,0,0
581,1,2,0,25.0,1,1,30.0,2,0,1,0,1,0,1,2,0,0,8,0,1
582,1,1,0,39.0,1,1,110.8833,0,0,1,0,1,1,1,2,0,0,2,0,2
583,0,2,1,54.0,0,0,26.0,2,0,0,0,0,0,1,0,1,0,8,0,1
584,0,1,1,36.0,0,0,40.125,0,0,1,1,0,1,1,0,1,0,0,0,1
585,0,3,1,,0,0,8.7125,0,0,0,0,0,0,0,0,1,0,8,1,0
586,1,1,0,18.0,0,2,79.65,2,0,1,0,1,1,1,2,0,0,4,0,1
587,0,2,1,47.0,0,0,15.0,2,0,0,0,0,0,1,0,1,0,8,0,1
588,1,1,1,60.0,1,1,79.2,0,0,0,0,0,1,1,2,0,0,1,0,1
589,0,3,1,22.0,0,0,8.05,2,0,1,1,0,0,1,0,1,0,8,0,0
590,0,3,1,,0,0,8.05,2,0,0,0,0,0,0,0,1,0,8,1,0
591,0,3,1,35.0,0,0,7.125,2,0,1,1,0,0,1,0,1,0,8,0,0
592,1,1,0,52.0,1,0,78.2667,0,0,0,0,0,1,1,1,0,0,3,1,1
593,0,3,1,47.0,0,0,7.25,2,0,0,0,0,0,1,0,1,0,8,1,0
594,0,3,0,16.1231884057971,0,2,7.75,1,1,0,0,0,0,0,2,0,0,8,1,0
595,0,2,1,37.0,1,0,26.0,2,0,1,1,0,0,1,1,0,0,8,0,1
596,0,3,1,36.0,1,1,24.15,2,0,1,1,0,0,1,2,0,0,8,1,1
597,1,2,0,,0,0,33.0,2,0,0,0,0,0,0,0,1,0,8,0,1
598,0,3,1,49.0,0,0,0.0,2,0,0,0,0,0,1,0,1,0,8,1,0
599,0,3,1,,0,0,7.225,0,0,0,0,0,0,0,0,1,0,8,0,0
600,1,1,1,49.0,1,0,56.9292,0,0,0,0,0,1,1,1,0,0,0,0,1
601,1,2,0,24.0,2,1,27.0,2,0,1,0,1,0,1,3,0,0,8,0,1
602,0,3,1,,0,0,7.8958,2,0,0,0,0,0,0,0,1,0,8,1,0
603,0,1,1,,0,0,42.4,2,0,0,0,0,0,0,0,1,0,8,0,1
604,0,3,1,44.0,0,0,8.05,2,0,0,0,0,0,1,0,1,0,8,1,0
605,1,1,1,35.0,0,0,26.55,0,0,1,1,0,0,1,0,1,0,8,0,1
606,0,3,1,36.0,1,0,15.55,2,0,1,1,0,0,1,1,0,0,8,1,1
607,0,3,1,30.0,0,0,7.8958,2,0,1,1,0,0,1,0,1,0,8,1,0
608,1,1,1,27.0,0,0,30.5,2,0,1,1,0,0,1,0,1,0,8,0,1
609,1,2,0,22.0,1,2,41.5792,0,0,1,0,1,0,1,3,0,0,8,0,1
610,1,1,0,40.0,0,0,153.4625,2,0,1,0,1,1,1,0,1,0,2,0,2
611,0,3,0,39.0,1,5,31.275,2,0,1,0,1,0,1,6,0,1,8,1,1
612,0,3,1,,0,0,7.05,2,0,0,0,0,0,0,0,1,0,8,0,0
613,1,3,0,16.1231884057971,1,0,15.5,1,1,0,0,0,0,0,1,0,0,8,1,1
614,0,3,1,,0,0,7.75,1,0,0,0,0,0,0,0,1,0,8,1,0
615,0,3,1,35.0,0,0,8.05,2,0,1,1,0,0,1,0,1,0,8,1,0
616,1,2,0,24.0,1,2,65.0,2,0,1,0,1,0,1,3,0,0,8,0,1
617,0,3,1,34.0,1,1,14.4,2,0,1,1,0,0,1,2,0,0,8,1,1
618,0,3,0,26.0,1,0,16.1,2,0,1,0,1,0,1,1,0,0,8,1,1
619,1,2,0,4.0,2,1,39.0,2,1,0,0,0,1,1,3,0,0,5,0,1
620,0,2,1,26.0,0,0,10.5,2,0,1,1,0,0,1,0,1,0,8,1,1
621,0,3,1,27.0,1,0,14.4542,0,0,1,1,0,0,1,1,0,0,8,0,1
622,1,1,1,42.0,1,0,52.5542,2,0,0,0,0,1,1,1,0,0,3,0,1
623,1,3,1,20.0,1,1,15.7417,0,0,1,1,0,0,1,2,0,0,8,0,1
624,0,3,1,21.0,0,0,7.8542,2,0,1,1,0,0,1,0,1,0,8,1,0
625,0,3,1,21.0,0,0,16.1,2,0,1,1,0,0,1,0,1,0,8,0,1
626,0,1,1,61.0,0,0,32.3208,2,0,0,0,0,1,1,0,1,0,3,1,1
627,0,2,1,57.0,0,0,12.35,1,0,0,0,0,0,1,0,1,0,8,0,1
628,1,1,0,21.0,0,0,77.9583,2,0,1,0,1,1,1,0,1,0,3,0,1
629,0,3,1,26.0,0,0,7.8958,2,0,1,1,0,0,1,0,1,0,8,1,0
630,0,3,1,,0,0,7.7333,1,0,0,0,0,0,0,0,1,0,8,1,0
631,1,1,1,80.0,0,0,30.0,2,0,0,0,0,1,1,0,1,0,0,0,1
632,0,3,1,51.0,0,0,7.0542,2,0,0,0,0,0,1,0,1,0,8,1,0
633,1,1,1,32.0,0,0,30.5,0,0,1,1,0,1,1,0,1,0,1,0,1
634,0,1,1,,0,0,0.0,2,0,0,0,0,0,0,0,1,0,8,0,0
635,0,3,0,9.0,3,2,27.9,2,1,0,0,0,0,1,5,0,1,8,1,1
636,1,2,0,28.0,0,0,13.0,2,0,1,0,1,0,1,0,1,0,8,0,1
637,0,3,1,32.0,0,0,7.925,2,0,1,1,0,0,1,0,1,0,8,0,0
638,0,2,1,31.0,1,1,26.25,2,0,1,1,0,0,1,2,0,0,8,0,1
639,0,3,0,41.0,0,5,39.6875,2,0,0,0,0,0,1,5,0,1,8,1,1
640,0,3,1,,1,0,16.1,2,0,0,0,0,0,0,1,0,0,8,1,1
641,0,3,1,20.0,0,0,7.8542,2,0,1,1,0,0,1,0,1,0,8,1,0
642,1,1,0,24.0,0,0,69.3,0,0,1,0,1,1,1,0,1,0,1,0,1
643,0,3,0,2.0,3,2,27.9,2,1,0,0,0,0,1,5,0,1,8,1,1
644,1,3,1,,0,0,56.4958,2,0,0,0,0,0,0,0,1,0,8,0,1
645,1,3,0,0.75,2,1,19.2583,0,1,0,0,0,0,1,3,0,0,8,0,1
646,1,1,1,48.0,1,0,76.7292,0,0,0,0,0,1,1,1,0,0,3,0,1
647,0,3,1,19.0,0,0,7.8958,2,0,1,1,0,0,1,0,1,0,8,1,0
648,1,1,1,56.0,0,0,35.5,0,0,0,0,0,1,1,0,1,0,0,0,1
649,0,3,1,,0,0,7.55,2,0,0,0,0,0,0,0,1,0,8,0,0
650,1,3,0,23.0,0,0,7.55,2,0,1,0,1,0,1,0,1,0,8,0,0
651,0,3,1,,0,0,7.8958,2,0,0,0,0,0,0,0,1,0,8,1,0
652,1,2,0,18.0,0,1,23.0,2,0,1,0,1,0,1,1,0,0,8,0,1
653,0,3,1,21.0,0,0,8.4333,2,0,1,1,0,0,1,0,1,0,8,0,0
654,1,3,0,16.1231884057971,0,0,7.8292,1,1,0,0,0,0,0,0,1,0,8,1,0
655,0,3,0,18.0,0,0,6.75,1,0,1,0,1,0,1,0,1,0,8,1,0
656,0,2,1,24.0,2,0,73.5,2,0,1,1,0,0,1,2,0,0,8,0,1
657,0,3,1,,0,0,7.8958,2,0,0,0,0,0,0,0,1,0,8,1,0
658,0,3,0,32.0,1,1,15.5,1,0,1,0,1,0,1,2,0,0,8,1,1
659,0,2,1,23.0,0,0,13.0,2,0,1,1,0,0,1,0,1,0,8,0,1
660,0,1,1,58.0,0,2,113.275,0,0,0,0,0,1,1,2,0,0,3,1,2
661,1,1,1,50.0,2,0,133.65,2,0,0,0,0,0,1,2,0,0,8,0,2
662,0,3,1,40.0,0,0,7.225,0,0,1,1,0,0,1,0,1,0,8,0,0
663,0,1,1,47.0,0,0,25.5875,2,0,0,0,0,1,1,0,1,0,4,0,1
664,0,3,1,36.0,0,0,7.4958,2,0,1,1,0,0,1,0,1,0,8,1,0
665,1,3,1,20.0,1,0,7.925,2,0,1,1,0,0,1,1,0,0,8,0,0
666,0,2,1,32.0,2,0,73.5,2,0,1,1,0,0,1,2,0,0,8,0,1
667,0,2,1,25.0,0,0,13.0,2,0,1,1,0,0,1,0,1,0,8,0,1
668,0,3,1,,0,0,7.775,2,0,0,0,0,0,0,0,1,0,8,1,0
669,0,3,1,43.0,0,0,8.05,2,0,0,0,0,0,1,0,1,0,8,1,0
670,1,1,0,40.88235294117647,1,0,52.0,2,0,0,0,0,1,0,1,0,0,2,0,1
671,1,2,0,40.0,1,1,39.0,2,0,1,0,1,0,1,2,0,0,8,0,1
672,0,1,1,31.0,1,0,52.0,2,0,1,1,0,1,1,1,0,0,1,0,1
673,0,2,1,70.0,0,0,10.5,2,0,0,0,0,0,1,0,1,0,8,0,1
674,1,2,1,31.0,0,0,13.0,2,0,1,1,0,0,1,0,1,0,8,0,1
675,0,2,1,,0,0,0.0,2,0,0,0,0,0,0,0,1,0,8,0,0
676,0,3,1,18.0,0,0,7.775,2,0,1,1,0,0,1,0,1,0,8,1,0
677,0,3,1,24.5,0,0,8.05,2,0,1,1,0,0,1,0,1,0,8,1,0
678,1,3,0,18.0,0,0,9.8417,2,0,1,0,1,0,1,0,1,0,8,1,1
679,0,3,0,43.0,1,6,46.9,2,0,0,0,0,0,1,7,0,1,8,0,1
680,1,1,1,36.0,0,1,512.3292,0,0,1,1,0,1,1,1,0,0,1,0,2
681,0,3,0,16.1231884057971,0,0,8.1375,1,1,0,0,0,0,0,0,1,0,8,1,0
682,1,1,1,27.0,0,0,76.7292,0,0,1,1,0,1,1,0,1,0,3,0,1
683,0,3,1,20.0,0,0,9.225,2,0,1,1,0,0,1,0,1,0,8,1,1
684,0,3,1,14.0,5,2,46.9,2,0,0,0,0,0,1,7,0,1,8,0,1
685,0,2,1,60.0,1,1,39.0,2,0,0,0,0,0,1,2,0,0,8,0,1
686,0,2,1,25.0,1,2,41.5792,0,0,1,1,0,0,1,3,0,0,8,0,1
687,0,3,1,14.0,4,1,39.6875,2,0,0,0,0,0,1,5,0,1,8,1,1
688,0,3,1,19.0,0,0,10.1708,2,0,1,1,0,0,1,0,1,0,8,1,1
689,0,3,1,18.0,0,0,7.7958,2,0,1,1,0,0,1,0,1,0,8,1,0
690,1,1,0,15.0,0,1,211.3375,2,0,0,0,0,1,1,1,0,0,1,0,2
691,1,1,1,31.0,1,0,57.0,2,0,1,1,0,1,1,1,0,0,1,0,1
692,1,3,0,4.0,0,1,13.4167,0,1,0,0,0,0,1,1,0,0,8,1,1
693,1,3,1,,0,0,56.4958,2,0,0,0,0,0,0,0,1,0,8,0,1
694,0,3,1,25.0,0,0,7.225,0,0,1,1,0,0,1,0,1,0,8,0,0
695,0,1,1,60.0,0,0,26.55,2,0,0,0,0,0,1,0,1,0,8,0,1
696,0,2,1,52.0,0,0,13.5,2,0,0,0,0,0,1,0,1,0,8,0,1
697,0,3,1,44.0,0,0,8.05,2,0,0,0,0,0,1,0,1,0,8,1,0
698,1,3,0,16.1231884057971,0,0,7.7333,1,1,0,0,0,0,0,0,1,0,8,1,0
699,0,1,1,49.0,1,1,110.8833,0,0,0,0,0,1,1,2,0,0,2,0,2
700,0,3,1,42.0,0,0,7.65,2,0,0,0,0,1,1,0,1,0,5,1,0
701,1,1,0,18.0,1,0,227.525,0,0,1,0,1,1,1,1,0,0,2,0,2
702,1,1,1,35.0,0,0,26.2875,2,0,1,1,0,1,1,0,1,0,4,0,1
703,0,3,0,18.0,0,1,14.4542,0,0,1,0,1,0,1,1,0,0,8,0,1
704,0,3,1,25.0,0,0,7.7417,1,0,1,1,0,0,1,0,1,0,8,1,0
705,0,3,1,26.0,1,0,7.8542,2,0,1,1,0,0,1,1,0,0,8,1,0
706,0,2,1,39.0,0,0,26.0,2,0,1,1,0,0,1,0,1,0,8,0,1
707,1,2,0,45.0,0,0,13.5,2,0,0,0,0,0,1,0,1,0,8,0,1
708,1,1,1,42.0,0,0,26.2875,2,0,0,0,0,1,1,0,1,0,4,0,1
709,1,1,0,22.0,0,0,151.55,2,0,1,0,1,0,1,0,1,0,8,0,2
710,1,3,1,27.704778156996586,1,1,15.2458,0,1,0,0,0,0,0,2,0,0,8,0,1
711,1,1,0,24.0,0,0,49.5042,0,0,1,0,1,1,1,0,1,0,2,0,1
712,0,1,1,,0,0,26.55,2,0,0,0,0,1,0,0,1,0,2,0,1
713,1,1,1,48.0,1,0,52.0,2,0,0,0,0,1,1,1,0,0,2,0,1
714,0,3,1,29.0,0,0,9.4833,2,0,1,1,0,0,1,0,1,0,8,1,1
715,0,2,1,52.0,0,0,13.0,2,0,0,0,0,0,1,0,1,0,8,0,1
716,0,3,1,19.0,0,0,7.65,2,0,1,1,0,1,1,0,1,0,5,1,0
717,1,1,0,38.0,0,0,227.525,0,0,1,0,1,1,1,0,1,0,2,0,2
718,1,2,0,27.0,0,0,10.5,2,0,1,0,1,1,1,0,1,0,4,1,1
719,0,3,1,,0,0,15.5,1,0,0,0,0,0,0,0,1,0,8,1,1
720,0,3,1,33.0,0,0,7.775,2,0,1,1,0,0,1,0,1,0,8,1,0
721,1,2,0,6.0,0,1,33.0,2,1,0,0,0,0,1,1,0,0,8,0,1
722,0,3,1,17.0,1,0,7.0542,2,0,0,0,0,0,1,1,0,0,8,1,0
723,0,2,1,34.0,0,0,13.0,2,0,1,1,0,0,1,0,1,0,8,0,1
724,0,2,1,50.0,0,0,13.0,2,0,0,0,0,0,1,0,1,0,8,0,1
725,1,1,1,27.0,1,0,53.1,2,0,1,1,0,1,1,1,0,0,4,0,1
726,0,3,1,20.0,0,0,8.6625,2,0,1,1,0,0,1,0,1,0,8,1,0
727,1,2,0,30.0,3,0,21.0,2,0,1,0,1,0,1,3,0,1,8,1,1
728,1,3,0,16.1231884057971,0,0,7.7375,1,1,0,0,0,0,0,0,1,0,8,1,0
729,0,2,1,25.0,1,0,26.0,2,0,1,1,0,0,1,1,0,0,8,0,1
730,0,3,0,25.0,1,0,7.925,2,0,1,0,1,0,1,1,0,0,8,0,0
731,1,1,0,29.0,0,0,211.3375,2,0,1,0,1,1,1,0,1,0,1,0,2
732,0,3,1,11.0,0,0,18.7875,0,0,0,0,0,0,1,0,1,0,8,0,1
733,0,2,1,,0,0,0.0,2,0,0,0,0,0,0,0,1,0,8,0,0
734,0,2,1,23.0,0,0,13.0,2,0,1,1,0,0,1,0,1,0,8,0,1
735,0,2,1,23.0,0,0,13.0,2,0,1,1,0,0,1,0,1,0,8,0,1
736,0,3,1,28.5,0,0,16.1,2,0,1,1,0,0,1,0,1,0,8,0,1
737,0,3,0,48.0,1,3,34.375,2,0,0,0,0,0,1,4,0,0,8,1,1
738,1,1,1,35.0,0,0,512.3292,0,0,1,1,0,1,1,0,1,0,1,0,2
739,0,3,1,,0,0,7.8958,2,0,0,0,0,0,0,0,1,0,8,1,0
740,0,3,1,,0,0,7.8958,2,0,0,0,0,0,0,0,1,0,8,1,0
741,1,1,1,,0,0,30.0,2,0,0,0,0,1,0,0,1,0,3,0,1
742,0,1,1,36.0,1,0,78.85,2,0,1,1,0,1,1,1,0,0,2,0,1
743,1,1,0,21.0,2,2,262.375,0,0,1,0,1,1,1,4,0,0,1,0,2
744,0,3,1,24.0,1,0,16.1,2,0,1,1,0,0,1,1,0,0,8,1,1
745,1,3,1,31.0,0,0,7.925,2,0,1,1,0,0,1,0,1,0,8,0,0
746,0,1,1,70.0,1,1,71.0,2,0,0,0,0,1,1,2,0,0,1,1,1
747,0,3,1,16.0,1,1,20.25,2,0,0,0,0,0,1,2,0,0,8,0,1
748,1,2,0,30.0,0,0,13.0,2,0,1,0,1,0,1,0,1,0,8,0,1
749,0,1,1,19.0,1,0,53.1,2,0,1,1,0,1,1,1,0,0,3,0,1
750,0,3,1,31.0,0,0,7.75,1,0,1,1,0,0,1,0,1,0,8,1,0
751,1,2,0,4.0,1,1,23.0,2,1,0,0,0,0,1,2,0,0,8,0,1
752,1,3,1,6.0,0,1,12.475,2,1,0,0,0,1,1,1,0,0,4,1,1
753,0,3,1,33.0,0,0,9.5,2,0,1,1,0,0,1,0,1,0,8,1,1
754,0,3,1,23.0,0,0,7.8958,2,0,1,1,0,0,1,0,1,0,8,1,0
755,1,2,0,48.0,1,2,65.0,2,0,0,0,0,0,1,3,0,0,8,0,1
756,1,2,1,0.67,1,1,14.5,2,1,0,0,0,0,1,2,0,0,8,0,1
757,0,3,1,28.0,0,0,7.7958,2,0,1,1,0,0,1,0,1,0,8,1,0
758,0,2,1,18.0,0,0,11.5,2,0,1,1,0,0,1,0,1,0,8,0,1
759,0,3,1,34.0,0,0,8.05,2,0,1,1,0,0,1,0,1,0,8,1,0
760,1,1,0,33.0,0,0,86.5,2,0,1,0,1,1,1,0,1,0,1,0,1
761,0,3,1,,0,0,14.5,2,0,0,0,0,0,0,0,1,0,8,1,1
762,0,3,1,41.0,0,0,7.125,2,0,0,0,0,0,1,0,1,0,8,0,0
763,1,3,1,20.0,0,0,7.2292,0,0,1,1,0,0,1,0,1,0,8,0,0
764,1,1,0,36.0,1,2,120.0,2,0,1,0,1,1,1,3,0,0,1,0,2
765,0,3,1,16.0,0,0,7.775,2,0,0,0,0,0,1,0,1,0,8,1,0
766,1,1,0,51.0,1,0,77.9583,2,0,0,0,0,1,1,1,0,0,3,0,1
767,0,1,1,,0,0,39.6,0,0,0,0,0,0,0,0,1,0,8,0,1
768,0,3,0,30.5,0,0,7.75,1,0,1,0,1,0,1,0,1,0,8,1,0
769,0,3,1,,1,0,24.15,1,0,0,0,0,0,0,1,0,0,8,1,1
770,0,3,1,32.0,0,0,8.3625,2,0,1,1,0,0,1,0,1,0,8,0,0
771,0,3,1,24.0,0,0,9.5,2,0,1,1,0,0,1,0,1,0,8,1,1
772,0,3,1,48.0,0,0,7.8542,2,0,0,0,0,0,1,0,1,0,8,1,0
773,0,2,0,57.0,0,0,10.5,2,0,0,0,0,1,1,0,1,0,4,0,1
774,0,3,1,,0,0,7.225,0,0,0,0,0,0,0,0,1,0,8,0,0
775,1,2,0,54.0,1,3,23.0,2,0,0,0,0,0,1,4,0,0,8,0,1
776,0,3,1,18.0,0,0,7.75,2,0,1,1,0,0,1,0,1,0,8,1,0
777,0,3,1,,0,0,7.75,1,0,0,0,0,1,0,0,1,0,5,1,0
778,1,3,0,5.0,0,0,12.475,2,1,0,0,0,0,1,0,1,0,8,1,1
779,0,3,1,,0,0,7.7375,1,0,0,0,0,0,0,0,1,0,8,1,0
780,1,1,0,43.0,0,1,211.3375,2,0,0,0,0,1,1,1,0,0,1,0,2
781,1,3,0,13.0,0,0,7.2292,0,0,0,0,0,0,1,0,1,0,8,0,0
782,1,1,0,17.0,1,0,57.0,2,0,0,0,0,1,1,1,0,0,1,0,1
783,0,1,1,29.0,0,0,30.0,2,0,1,1,0,1,1,0,1,0,3,0,1
784,0,3,1,,1,2,23.45,2,0,0,0,0,0,0,3,0,0,8,1,1
785,0,3,1,25.0,0,0,7.05,2,0,1,1,0,0,1,0,1,0,8,0,0
786,0,3,1,25.0,0,0,7.25,2,0,1,1,0,0,1,0,1,0,8,1,0
787,1,3,0,18.0,0,0,7.4958,2,0,1,0,1,0,1,0,1,0,8,1,0
788,0,3,1,8.0,4,1,29.125,1,1,0,0,0,0,1,5,0,1,8,1,1
789,1,3,1,1.0,1,2,20.575,2,1,0,0,0,0,1,3,0,0,8,0,1
790,0,1,1,46.0,0,0,79.2,0,0,0,0,0,1,1,0,1,0,1,0,1
791,0,3,1,,0,0,7.75,1,0,0,0,0,0,0,0,1,0,8,0,0
792,0,2,1,16.0,0,0,26.0,2,0,0,0,0,0,1,0,1,0,8,0,1
793,0,3,0,16.1231884057971,8,2,69.55,2,1,0,0,0,0,0,10,0,1,8,0,1
794,0,1,1,,0,0,30.6958,0,0,0,0,0,0,0,0,1,0,8,0,1
795,0,3,1,25.0,0,0,7.8958,2,0,1,1,0,0,1,0,1,0,8,1,0
796,0,2,1,39.0,0,0,13.0,2,0,1,1,0,0,1,0,1,0,8,0,1
797,1,1,0,49.0,0,0,25.9292,2,0,0,0,0,1,1,0,1,0,3,0,1
798,1,3,0,31.0,0,0,8.6833,2,0,1,0,1,0,1,0,1,0,8,1,0
799,0,3,1,30.0,0,0,7.2292,0,0,1,1,0,0,1,0,1,0,8,0,0
800,0,3,0,30.0,1,1,24.15,2,0,1,0,1,0,1,2,0,0,8,1,1
801,0,2,1,34.0,0,0,13.0,2,0,1,1,0,0,1,0,1,0,8,0,1
802,1,2,0,31.0,1,1,26.25,2,0,1,0,1,0,1,2,0,0,8,0,1
803,1,1,1,11.0,1,2,120.0,2,0,0,0,0,1,1,3,0,0,1,0,2
804,1,3,1,0.42,0,1,8.5167,0,1,0,0,0,0,1,1,0,0,8,0,0
805,1,3,1,27.0,0,0,6.975,2,0,1,1,0,0,1,0,1,0,8,1,0
806,0,3,1,31.0,0,0,7.775,2,0,1,1,0,0,1,0,1,0,8,1,0
807,0,1,1,39.0,0,0,0.0,2,0,1,1,0,1,1,0,1,0,0,0,0
808,0,3,0,18.0,0,0,7.775,2,0,1,0,1,0,1,0,1,0,8,1,0
809,0,2,1,39.0,0,0,13.0,2,0,1,1,0,0,1,0,1,0,8,0,1
810,1,1,0,33.0,1,0,53.1,2,0,1,0,1,1,1,1,0,0,4,0,1
811,0,3,1,26.0,0,0,7.8875,2,0,1,1,0,0,1,0,1,0,8,1,0
812,0,3,1,39.0,0,0,24.15,2,0,1,1,0,0,1,0,1,0,8,1,1
813,0,2,1,35.0,0,0,10.5,2,0,1,1,0,0,1,0,1,0,8,0,1
814,0,3,0,6.0,4,2,31.275,2,1,0,0,0,0,1,6,0,1,8,1,1
815,0,3,1,30.5,0,0,8.05,2,0,1,1,0,0,1,0,1,0,8,1,0
816,0,1,1,,0,0,0.0,2,0,0,0,0,1,0,0,1,0,1,0,0
817,0,3,0,23.0,0,0,7.925,2,0,1,0,1,0,1,0,1,0,8,0,0
818,0,2,1,31.0,1,1,37.0042,0,0,1,1,0,0,1,2,0,0,8,0,1
819,0,3,1,43.0,0,0,6.45,2,0,0,0,0,0,1,0,1,0,8,0,0
820,0,3,1,10.0,3,2,27.9,2,0,0,0,0,0,1,5,0,1,8,1,1
821,1,1,0,52.0,1,1,93.5,2,0,0,0,0,1,1,2,0,0,1,0,1
822,1,3,1,27.0,0,0,8.6625,2,0,1,1,0,0,1,0,1,0,8,1,0
823,0,1,1,38.0,0,0,0.0,2,0,1,1,0,0,1,0,1,0,8,0,0
824,1,3,0,27.0,0,1,12.475,2,0,1,0,1,1,1,1,0,0,4,1,1
825,0,3,1,2.0,4,1,39.6875,2,1,0,0,0,0,1,5,0,1,8,1,1
826,0,3,1,,0,0,6.95,1,0,0,0,0,0,0,0,1,0,8,1,0
827,0,3,1,,0,0,56.4958,2,0,0,0,0,0,0,0,1,0,8,0,1
828,1,2,1,1.0,0,2,37.0042,0,1,0,0,0,0,1,2,0,0,8,0,1
829,1,3,1,,0,0,7.75,1,0,0,0,0,0,0,0,1,0,8,1,0
830,1,1,0,62.0,0,0,80.0,-2147483648,0,0,0,0,1,1,0,1,0,1,0,1
831,1,3,0,15.0,1,0,14.4542,0,0,0,0,0,0,1,1,0,0,8,0,1
832,1,2,1,0.83,1,1,18.75,2,1,0,0,0,0,1,2,0,0,8,0,1
833,0,3,1,,0,0,7.2292,0,0,0,0,0,0,0,0,1,0,8,0,0
834,0,3,1,23.0,0,0,7.8542,2,0,1,1,0,0,1,0,1,0,8,1,0
835,0,3,1,18.0,0,0,8.3,2,0,1,1,0,0,1,0,1,0,8,0,0
836,1,1,0,39.0,1,1,83.1583,0,0,1,0,1,1,1,2,0,0,4,0,1
837,0,3,1,21.0,0,0,8.6625,2,0,1,1,0,0,1,0,1,0,8,1,0
838,0,3,1,,0,0,8.05,2,0,0,0,0,0,0,0,1,0,8,1,0
839,1,3,1,32.0,0,0,56.4958,2,0,1,1,0,0,1,0,1,0,8,0,1
840,1,1,1,,0,0,29.7,0,0,0,0,0,1,0,0,1,0,2,0,1
841,0,3,1,20.0,0,0,7.925,2,0,1,1,0,0,1,0,1,0,8,0,0
842,0,2,1,16.0,0,0,10.5,2,0,0,0,0,0,1,0,1,0,8,0,1
843,1,1,0,30.0,0,0,31.0,0,0,1,0,1,0,1,0,1,0,8,0,1
844,0,3,1,34.5,0,0,6.4375,0,0,1,1,0,0,1,0,1,0,8,0,0
845,0,3,1,17.0,0,0,8.6625,2,0,0,0,0,0,1,0,1,0,8,1,0
846,0,3,1,42.0,0,0,7.55,2,0,0,0,0,0,1,0,1,0,8,0,0
847,0,3,1,,8,2,69.55,2,0,0,0,0,0,0,10,0,1,8,0,1
848,0,3,1,35.0,0,0,7.8958,0,0,1,1,0,0,1,0,1,0,8,1,0
849,0,2,1,28.0,0,1,33.0,2,0,1,1,0,0,1,1,0,0,8,0,1
850,1,1,0,40.88235294117647,1,0,89.1042,0,0,0,0,0,1,0,1,0,0,2,0,1
851,0,3,1,4.0,4,2,31.275,2,1,0,0,0,0,1,6,0,1,8,1,1
852,0,3,1,74.0,0,0,7.775,2,0,0,0,0,0,1,0,1,0,8,1,0
853,0,3,0,9.0,1,1,15.2458,0,1,0,0,0,0,1,2,0,0,8,0,1
854,1,1,0,16.0,0,1,39.4,2,0,0,0,0,1,1,1,0,0,3,0,1
855,0,2,0,44.0,1,0,26.0,2,0,0,0,0,0,1,1,0,0,8,0,1
856,1,3,0,18.0,0,1,9.35,2,0,1,0,1,0,1,1,0,0,8,1,1
857,1,1,0,45.0,1,1,164.8667,2,0,0,0,0,0,1,2,0,0,8,1,2
858,1,1,1,51.0,0,0,26.55,2,0,0,0,0,1,1,0,1,0,4,0,1
859,1,3,0,24.0,0,3,19.2583,0,0,1,0,1,0,1,3,0,0,8,0,1
860,0,3,1,,0,0,7.2292,0,0,0,0,0,0,0,0,1,0,8,0,0
861,0,3,1,41.0,2,0,14.1083,2,0,0,0,0,0,1,2,0,0,8,1,1
862,0,2,1,21.0,1,0,11.5,2,0,1,1,0,0,1,1,0,0,8,0,1
863,1,1,0,48.0,0,0,25.9292,2,0,0,0,0,1,1,0,1,0,3,0,1
864,0,3,0,16.1231884057971,8,2,69.55,2,1,0,0,0,0,0,10,0,1,8,0,1
865,0,2,1,24.0,0,0,13.0,2,0,1,1,0,0,1,0,1,0,8,0,1
866,1,2,0,42.0,0,0,13.0,2,0,0,0,0,0,1,0,1,0,8,0,1
867,1,2,0,27.0,1,0,13.8583,0,0,1,0,1,0,1,1,0,0,8,0,1
868,0,1,1,31.0,0,0,50.4958,2,0,1,1,0,1,1,0,1,0,0,0,1
869,0,3,1,,0,0,9.5,2,0,0,0,0,0,0,0,1,0,8,1,1
870,1,3,1,4.0,1,1,11.1333,2,1,0,0,0,0,1,2,0,0,8,1,1
871,0,3,1,26.0,0,0,7.8958,2,0,1,1,0,0,1,0,1,0,8,1,0
872,1,1,0,47.0,1,1,52.5542,2,0,0,0,0,1,1,2,0,0,3,0,1
873,0,1,1,33.0,0,0,5.0,2,0,1,1,0,1,1,0,1,0,1,1,0
874,0,3,1,47.0,0,0,9.0,2,0,0,0,0,0,1,0,1,0,8,1,1
875,1,2,0,28.0,1,0,24.0,0,0,1,0,1,0,1,1,0,0,8,0,1
876,1,3,0,15.0,0,0,7.225,0,0,0,0,0,0,1,0,1,0,8,0,0
877,0,3,1,20.0,0,0,9.8458,2,0,1,1,0,0,1,0,1,0,8,1,1
878,0,3,1,19.0,0,0,7.8958,2,0,1,1,0,0,1,0,1,0,8,1,0
879,0,3,1,,0,0,7.8958,2,0,0,0,0,0,0,0,1,0,8,1,0
880,1,1,0,56.0,0,1,83.1583,0,0,0,0,0,1,1,1,0,0,2,0,1
881,1,2,0,25.0,0,1,26.0,2,0,1,0,1,0,1,1,0,0,8,0,1
882,0,3,1,33.0,0,0,7.8958,2,0,1,1,0,0,1,0,1,0,8,1,0
883,0,3,0,22.0,0,0,10.5167,2,0,1,0,1,0,1,0,1,0,8,1,1
884,0,2,1,28.0,0,0,10.5,2,0,1,1,0,0,1,0,1,0,8,0,1
885,0,3,1,25.0,0,0,7.05,2,0,1,1,0,0,1,0,1,0,8,0,0
886,0,3,0,39.0,0,5,29.125,1,0,1,0,1,0,1,5,0,1,8,1,1
887,0,2,1,27.0,0,0,13.0,2,0,1,1,0,0,1,0,1,0,8,0,1
888,1,1,0,19.0,0,0,30.0,2,0,1,0,1,1,1,0,1,0,1,0,1
889,0,3,0,16.1231884057971,1,2,23.45,2,1,0,0,0,0,0,3,0,0,8,1,1
890,1,1,1,26.0,0,0,30.0,0,0,1,1,0,1,1,0,1,0,2,0,1
891,0,3,1,32.0,0,0,7.75,1,0,1,1,0,0,1,0,1,0,8,1,0
